generation,best_fitness,mean_fitness,median_fitness,best_train_score,bench_mean_score,bench_max_score,bench_mean_wave,bench_max_wave,bench_mean_seconds,bench_deaths,bench_flings,bench_hit_rate,bench_breaks,bench_max_combo,bench_enemy_kills,bench_boss_kills,bench_hook_share,seconds_elapsed
0,2229.2,619.3,480.0,1785.0,1212.0,5370,3.00,4,138.7,9,11,0.273,152,20,7,0,0.992,6
1,3286.6,829.3,595.0,2875.0,3332.0,7270,2.80,4,117.3,9,5260,0.038,365,16,3,0,0.724,11
2,3456.1,1039.1,722.5,3155.0,3000.0,7160,2.00,3,84.0,10,2428,0.060,334,22,0,0,0.782,15
3,4879.4,1166.3,996.8,4505.0,1082.0,2720,2.10,3,82.6,10,31,0.226,153,11,2,0,0.938,19
4,4720.1,1256.7,1004.2,4322.5,2948.0,6610,2.20,3,86.2,10,2724,0.062,382,19,0,0,0.767,24
5,4889.2,1386.3,1202.5,4492.5,6332.0,11660,3.00,4,138.8,8,3009,0.118,758,21,6,0,0.586,28
6,4434.7,1399.6,1190.0,3965.0,2851.0,8400,2.40,4,100.6,9,1537,0.131,435,16,2,0,0.542,32
7,4520.0,1436.8,1189.6,4040.0,3891.0,6850,2.70,3,109.7,10,5751,0.050,486,19,0,0,0.597,36
8,5700.4,1840.3,1476.1,5315.0,4268.0,16010,2.10,3,74.2,10,3831,0.074,494,31,2,0,0.567,40
9,7089.6,1899.6,1650.3,6627.5,5450.0,15620,2.10,4,89.1,10,4452,0.062,563,25,1,0,0.570,44
10,6865.1,1995.0,1801.5,6487.5,2785.0,4960,2.10,3,86.3,10,5214,0.043,383,16,0,0,0.633,48
11,7290.7,2022.7,1670.8,6815.0,6487.0,13220,2.90,4,122.6,7,4576,0.089,745,17,4,0,0.450,53
12,7522.5,2569.4,2230.2,7042.5,4652.0,12260,2.90,4,127.1,9,4903,0.062,523,17,5,0,0.687,57
13,6108.8,2387.8,2154.5,5812.5,5501.0,10720,2.30,3,90.0,10,4525,0.077,649,28,1,0,0.621,61
14,7224.7,2472.2,2276.9,6847.5,5501.0,10720,2.30,3,90.0,10,4525,0.077,649,28,1,0,0.621,65
15,7351.8,2553.4,2214.6,6930.0,4191.0,6720,2.40,3,104.8,10,5082,0.054,544,18,2,0,0.539,69
16,7486.6,2791.4,2407.0,7092.5,4828.0,17100,2.30,4,90.3,9,2846,0.118,610,28,2,0,0.743,73
17,10767.0,3243.6,3071.3,10422.5,3958.0,15390,1.90,4,71.5,10,1808,0.127,467,33,1,0,0.808,77
18,8496.4,3475.0,3167.8,8150.0,5717.0,21320,2.00,4,68.4,9,3438,0.087,574,27,3,0,0.548,82
19,10904.8,3318.5,3117.5,10472.5,6024.0,19120,2.70,4,113.1,8,7581,0.059,731,39,4,0,0.472,86
20,7698.1,3635.4,3445.3,7315.0,6024.0,19120,2.70,4,113.1,8,7581,0.059,731,39,4,0,0.472,90
21,9321.3,3569.1,3361.8,8845.0,5237.0,10840,2.30,3,92.9,10,4892,0.074,680,20,1,0,0.647,93
22,8280.7,3505.1,3257.9,7840.0,6259.0,16770,2.50,3,103.7,10,6603,0.060,678,24,1,0,0.461,97
23,9902.5,4064.3,4149.6,9422.5,7874.0,18280,2.70,4,111.8,8,8712,0.056,808,40,4,0,0.473,102
24,9798.9,4128.1,4115.6,9332.5,11928.0,28510,3.30,4,136.1,8,8032,0.085,1208,36,7,0,0.576,106
25,8995.4,4285.2,4045.5,8545.0,5282.0,9520,2.70,4,113.3,9,5662,0.058,589,21,2,0,0.565,110
26,10566.7,4551.0,4550.5,10200.0,5615.0,11070,2.10,3,75.5,10,3483,0.099,608,27,1,0,0.634,114
27,10235.1,4200.8,3931.3,9840.0,6151.0,16100,2.40,4,98.6,9,6178,0.062,679,22,1,0,0.530,118
28,9939.1,4572.2,4316.1,9572.5,4667.0,9150,2.00,3,73.3,10,2986,0.099,559,21,0,0,0.673,123
29,10935.7,4187.9,4069.5,10507.5,9532.0,18900,3.10,4,131.6,9,8126,0.071,996,30,6,0,0.499,128
30,8209.4,3872.0,3859.0,7735.0,6510.0,17490,2.70,4,109.1,10,7492,0.057,731,29,3,0,0.454,132
31,11406.8,4262.1,4100.8,10972.5,12698.0,25480,3.10,4,120.2,7,6625,0.092,1173,36,10,0,0.595,136
32,9536.1,4680.3,4517.7,9145.0,5847.0,9120,2.20,3,78.5,10,3475,0.104,636,30,2,0,0.672,140
33,10998.6,4879.0,4695.8,10600.0,5818.0,15860,2.40,4,93.6,9,5719,0.060,609,38,1,0,0.551,144
34,14170.6,4517.8,4320.0,13795.0,9841.0,20690,2.80,4,104.1,10,3657,0.112,864,46,6,0,0.774,149
35,13827.0,5058.2,5154.1,13407.5,12582.0,32710,2.80,5,96.7,7,4498,0.126,1074,32,11,0,0.669,153
36,13102.6,4988.1,4982.8,12737.5,9504.0,22570,2.60,4,100.0,9,4077,0.122,931,29,5,0,0.729,157
37,15774.0,5411.4,5040.0,15360.0,9504.0,22570,2.60,4,100.0,9,4077,0.122,931,29,5,0,0.729,161
38,13702.9,5063.8,4866.6,13275.0,9781.0,18300,2.60,4,89.9,10,3176,0.144,874,36,5,0,0.760,165
39,11570.3,5276.0,5284.6,11142.5,4934.0,8670,2.10,3,85.2,10,4418,0.079,615,18,0,0,0.616,169
40,13495.5,5290.5,5216.4,13022.5,7779.0,16390,2.50,4,98.6,10,3660,0.125,877,27,5,0,0.707,173
41,13035.0,5576.8,5434.3,12555.0,9096.0,21290,2.90,4,117.9,10,4530,0.116,973,24,6,0,0.696,178
42,15198.7,5658.8,5599.5,14832.5,6695.0,13320,2.30,3,85.1,10,4222,0.092,682,35,4,0,0.659,183
43,13774.3,5542.7,5276.6,13402.5,5571.0,13760,2.20,4,72.4,10,2124,0.140,599,31,2,0,0.815,187
44,12797.9,5551.9,5301.2,12517.5,8268.0,26350,2.30,4,85.0,10,2795,0.143,819,30,4,0,0.777,226
45,13400.7,5941.7,5515.7,13030.0,11148.0,29820,2.40,4,82.9,10,3529,0.136,960,47,4,0,0.699,231
46,14936.9,5506.4,5324.1,14487.5,6584.0,12500,2.20,3,77.7,10,3965,0.090,662,62,2,0,0.611,235
47,12634.0,5629.3,5553.0,12215.0,6673.0,23040,2.10,4,79.9,9,3097,0.121,688,34,4,0,0.637,239
48,12506.6,5661.4,5687.2,12125.0,12013.0,22140,2.70,4,108.8,8,3781,0.131,1086,41,7,0,0.746,243
49,12951.9,5280.5,5152.8,12562.5,5673.0,11740,2.00,3,64.8,10,3382,0.088,569,30,2,0,0.644,247
50,22494.6,6238.3,6000.0,22085.0,13768.0,43420,2.80,5,102.9,9,4211,0.139,1249,49,12,0,0.677,251
51,13584.9,5745.0,5572.7,13220.0,11645.0,40140,2.90,5,122.1,8,9130,0.069,1080,47,8,0,0.477,255
52,15435.8,6177.2,5979.9,15102.5,9880.0,39300,2.10,4,64.3,10,2137,0.180,777,87,4,0,0.784,259
53,16408.1,6364.1,5998.8,15937.5,10854.0,25580,2.90,4,98.4,10,3740,0.137,1052,41,5,0,0.699,263
54,15890.5,5814.6,5381.0,15467.5,12156.0,30450,2.90,5,95.1,9,4607,0.116,1124,46,9,0,0.631,267
55,15281.2,6273.7,6063.5,14837.5,13200.0,35600,3.00,5,113.3,10,5512,0.118,1216,49,11,0,0.637,271
56,16611.2,6072.1,5787.4,16205.0,9511.0,18680,2.60,4,99.7,9,4446,0.105,931,38,6,0,0.579,275
57,15757.5,6412.8,5910.4,15277.5,9176.0,19680,2.40,4,91.5,9,4580,0.102,866,35,5,0,0.614,279
58,16427.6,6323.1,6056.3,16020.0,12643.0,45580,2.80,5,116.0,8,5134,0.107,1098,38,13,0,0.683,283
59,19690.3,7242.6,6866.5,19285.0,12106.0,28090,2.60,4,111.5,9,4731,0.124,1073,62,6,0,0.693,288
60,14070.1,6944.0,6596.9,13665.0,7497.0,13660,2.40,4,86.4,10,3006,0.135,793,29,5,0,0.754,292
61,14938.4,6704.8,6317.4,14537.5,7124.0,11630,2.10,3,81.2,10,1899,0.182,713,34,2,0,0.837,296
62,16916.7,6906.8,6596.7,16457.5,12729.0,31380,2.80,5,79.7,9,2248,0.201,1074,38,9,0,0.673,300
63,16788.4,7071.9,6802.8,16390.0,10596.0,34620,3.00,5,107.5,8,3989,0.125,1016,33,3,0,0.726,306
64,16315.0,6736.7,6370.4,15907.5,9805.0,22300,2.60,4,92.2,9,3151,0.145,923,36,6,0,0.717,316
65,17779.1,7087.2,6706.3,17345.0,12006.0,27850,2.80,4,110.4,10,3831,0.153,1141,35,7,0,0.727,325
66,15235.5,7241.1,6954.4,14902.5,8960.0,35820,2.50,5,88.1,10,2359,0.156,789,45,4,0,0.825,333
67,14477.5,7238.3,6825.0,13997.5,10806.0,20030,2.90,4,103.8,9,3830,0.143,1089,41,3,0,0.739,342
68,18235.2,6824.9,6540.3,17777.5,8629.0,21910,2.70,4,110.8,9,4297,0.106,830,36,4,0,0.722,347
69,15605.0,7580.5,7357.7,15125.0,6233.0,14730,2.10,4,83.4,10,3171,0.104,614,52,2,0,0.754,353
70,15697.3,7632.5,7181.6,15335.0,4716.0,14780,1.60,3,51.8,10,1699,0.138,449,28,1,0,0.771,358
71,18073.0,7455.5,7249.8,17662.5,17089.0,31230,3.50,5,122.4,9,4889,0.145,1468,54,9,0,0.707,362
72,19256.5,7437.9,7427.9,18940.0,9275.0,24000,2.30,4,67.8,10,2404,0.161,799,37,4,0,0.721,367
73,14536.7,6841.0,6573.1,14087.5,6674.0,13810,2.50,4,93.7,10,2479,0.148,713,30,2,0,0.814,372
74,17525.3,7009.5,6819.7,17112.5,17148.0,33260,3.50,5,128.3,9,5489,0.137,1495,43,10,0,0.695,380
75,14525.6,6694.9,6632.6,14112.5,9162.0,23690,2.40,4,98.0,9,3666,0.130,881,24,6,0,0.750,385
76,19249.4,7220.6,6785.0,18795.0,17069.0,33760,3.50,5,132.5,7,5814,0.130,1455,61,11,0,0.674,455
77,14947.5,7442.1,7116.3,14467.5,9506.0,20310,2.30,4,93.8,10,3579,0.126,884,36,6,0,0.712,460
78,17335.9,7333.3,7277.1,16877.5,18508.0,39700,3.40,5,124.2,8,5151,0.144,1476,44,13,0,0.705,464
79,21579.0,8451.6,8281.7,21180.0,13283.0,34190,2.90,5,92.3,10,3312,0.183,1153,40,8,0,0.745,469
80,16252.5,8130.5,7744.7,15772.5,6536.0,23440,2.20,4,78.4,9,1706,0.178,635,37,2,0,0.851,474
81,18892.9,8575.6,8243.7,18455.0,14719.0,32660,2.70,5,97.8,10,3959,0.148,1226,43,7,0,0.715,479
82,18128.9,8481.9,8273.0,17670.0,12990.0,28430,3.00,5,112.0,9,5147,0.123,1217,39,7,0,0.687,483
83,22458.4,9399.9,9028.0,22030.0,15590.0,44150,3.10,5,103.8,10,4104,0.158,1324,42,11,0,0.720,488
84,21890.0,9243.5,8804.5,21410.0,10856.0,24350,2.70,5,90.7,9,4123,0.135,1006,51,5,0,0.701,493
85,23539.9,10042.2,9182.1,23165.0,15860.0,49150,3.30,5,108.1,9,3608,0.180,1354,59,10,0,0.766,498
86,21137.5,10129.0,9656.4,20687.5,19092.0,36020,3.50,5,121.4,8,5226,0.149,1613,41,13,0,0.671,503
87,21005.0,9862.8,9366.7,20525.0,9432.0,15080,2.60,3,99.6,10,3660,0.130,966,29,3,0,0.771,507
88,19954.1,9864.8,9517.9,19570.0,14594.0,40920,2.90,5,91.5,10,2969,0.189,1151,52,10,0,0.772,512
89,21670.3,10382.2,9866.5,21210.0,12867.0,25660,3.10,5,120.4,7,5438,0.115,1261,43,10,0,0.682,517
90,24473.3,10065.5,9576.2,24037.5,17426.0,41760,3.10,5,115.4,6,5543,0.132,1423,36,15,0,0.651,522
91,22018.2,8947.4,8850.2,21597.5,19514.0,55170,3.30,6,110.6,7,4475,0.168,1529,93,14,0,0.687,526
92,25943.5,10187.4,9257.3,25535.0,20051.0,40810,3.30,5,107.0,9,3584,0.204,1551,72,12,0,0.751,530
93,23040.5,9523.9,8914.0,22587.5,13731.0,26620,3.00,4,85.7,10,3609,0.148,1156,35,7,0,0.714,535
94,21205.2,10452.5,9796.9,20772.5,19465.0,37490,3.60,5,122.2,8,4375,0.165,1596,42,12,0,0.718,540
95,20029.8,9540.0,8920.4,19555.0,14224.0,38430,3.10,5,117.8,7,5142,0.129,1302,47,10,0,0.679,546
96,34110.0,9837.4,9071.6,33630.0,20254.0,47440,3.60,5,121.7,6,5214,0.157,1637,68,19,0,0.692,551
97,18661.6,9373.8,9039.9,18217.5,13583.0,45480,3.00,5,101.4,9,3954,0.139,1158,55,9,0,0.735,556
98,24880.0,9488.2,9027.2,24400.0,17780.0,44540,3.10,5,102.1,8,3475,0.183,1393,53,12,0,0.751,561
99,21672.0,9564.8,8508.4,21357.5,13506.0,33780,2.80,5,86.8,10,3142,0.178,1200,42,6,0,0.743,566
100,21095.7,10113.5,9536.5,20737.5,9507.0,21600,2.50,4,78.9,10,3045,0.153,888,35,5,0,0.720,570
101,20917.7,10081.6,10161.4,20502.5,15174.0,29080,3.20,4,109.5,10,3600,0.174,1271,41,10,0,0.750,575
102,20945.1,9377.6,9139.4,20500.0,18534.0,63040,3.20,6,108.2,7,3858,0.188,1516,44,18,0,0.726,618
103,20985.1,9737.5,9358.1,20557.5,21344.0,38140,3.90,5,143.5,7,5013,0.158,1788,54,19,0,0.743,624
104,23685.7,10508.6,9632.6,23232.5,17651.0,44070,3.30,5,122.0,8,6595,0.110,1471,74,12,0,0.599,629
105,22698.0,10580.8,10406.8,22260.0,19469.0,42310,3.70,5,142.8,5,6714,0.136,1760,38,18,0,0.619,634
106,28955.0,10183.7,9866.7,28475.0,19469.0,42310,3.70,5,142.8,5,6714,0.136,1760,38,18,0,0.619,639
107,26073.9,10842.7,10673.6,25722.5,14351.0,28210,3.00,4,101.5,10,3892,0.151,1207,73,7,0,0.731,644
108,24193.7,10860.6,10431.7,23805.0,16589.0,28820,3.60,5,117.2,10,6252,0.126,1496,44,13,0,0.612,649
109,29110.4,10574.0,9747.6,28715.0,14351.0,28210,3.00,4,101.5,10,3892,0.151,1207,73,7,0,0.731,654
110,26354.6,10389.8,9651.9,25980.0,12070.0,20660,2.80,4,79.3,10,2924,0.169,992,40,7,0,0.738,658
111,23107.7,10878.3,10087.5,22642.5,17835.0,38470,3.40,5,124.7,6,5452,0.137,1477,58,18,0,0.674,663
112,27863.2,11620.1,11619.9,27432.5,21415.0,52460,3.80,6,110.2,10,4157,0.190,1668,65,20,0,0.703,668
113,24640.2,10587.7,9986.6,24197.5,17859.0,50330,3.40,5,111.2,9,3998,0.172,1491,57,15,0,0.724,673
114,22607.5,11430.2,10710.4,22127.5,24763.0,68350,4.20,6,148.8,4,6546,0.149,2021,86,20,0,0.636,682
115,29339.1,11173.3,10511.2,28982.5,20271.0,47380,3.20,5,92.0,10,3890,0.194,1540,53,14,0,0.668,693
116,26069.1,11838.1,11269.8,25735.0,20660.0,56060,3.30,5,97.6,10,5489,0.140,1543,126,13,0,0.582,700
117,27782.3,11502.5,11065.0,27330.0,17909.0,39570,3.30,5,98.2,9,3837,0.179,1469,48,11,0,0.704,705
118,27226.3,11586.0,10835.5,26752.5,20908.0,94650,3.30,7,95.9,8,3743,0.187,1503,74,16,0,0.687,709
119,26667.5,12209.7,11664.6,26187.5,22327.0,78140,3.20,6,103.0,8,4301,0.176,1616,77,17,0,0.653,714
120,27076.4,11154.7,10721.8,26657.5,8208.0,20500,2.20,4,64.8,10,2551,0.153,765,34,1,0,0.721,719
121,30720.0,12014.2,11114.0,30240.0,33094.0,52860,4.40,6,145.4,6,6864,0.158,2336,59,32,0,0.635,766
122,31570.5,11232.5,10640.0,31105.0,12400.0,25400,3.00,5,110.5,9,5431,0.113,1192,39,7,0,0.631,773
123,28323.9,11890.1,11590.4,27847.5,13797.0,47350,2.70,5,73.9,10,4055,0.128,1085,43,10,0,0.593,779
124,24043.8,11526.2,11440.8,23650.0,24587.0,97290,3.50,7,106.8,9,5712,0.125,1783,142,21,0,0.599,784
125,29157.5,11629.5,11009.7,28677.5,12688.0,36580,2.90,5,81.3,10,2523,0.204,1098,50,6,0,0.758,789
126,29838.9,10688.1,10168.5,29390.0,15456.0,27810,3.10,4,113.7,9,3415,0.188,1346,64,9,0,0.765,794
127,26008.8,11616.0,10761.6,25572.5,11387.0,25270,2.70,5,87.6,10,3954,0.139,1053,35,6,0,0.661,799
128,31423.4,10956.8,10419.4,30977.5,29141.0,77360,3.60,6,107.1,9,4254,0.212,1892,69,23,0,0.693,804
129,21800.0,11145.6,11025.8,21320.0,16226.0,35790,3.30,5,105.9,10,2999,0.209,1349,59,9,0,0.756,810
130,29053.6,10726.8,10230.0,28602.5,25770.0,61910,3.60,5,100.5,10,3793,0.218,1786,97,18,0,0.689,815
131,23039.1,10999.6,10855.3,22607.5,26082.0,78640,3.60,6,108.8,7,4138,0.203,1829,102,21,0,0.693,820
132,27389.8,11504.6,10823.0,26980.0,10681.0,20110,2.40,4,76.7,10,3815,0.129,922,36,5,0,0.658,825
133,34118.2,12300.5,11298.2,33717.5,19566.0,61420,3.20,6,91.2,10,3572,0.188,1500,59,13,0,0.691,830
134,26876.7,11874.9,11124.6,26467.5,35915.0,119610,4.00,7,115.6,8,3913,0.250,2307,135,34,0,0.733,834
135,24320.4,11249.2,10930.5,23972.5,24683.0,68400,3.50,6,111.9,7,4609,0.174,1813,65,21,0,0.650,839
136,29914.7,12757.9,11373.2,29440.0,15643.0,47230,3.20,5,97.7,10,3352,0.170,1259,47,9,0,0.708,844
137,26134.5,12198.1,11980.9,25697.5,18827.0,56090,3.20,5,93.5,10,3748,0.191,1457,125,13,0,0.704,848
138,27125.0,12862.4,12257.4,26700.0,16747.0,54420,2.90,5,84.5,10,3269,0.177,1183,97,9,0,0.739,853
139,25279.2,12412.8,11887.9,24895.0,27279.0,84180,3.80,6,125.1,8,6115,0.155,1901,123,22,0,0.603,858
140,30769.0,12912.3,12256.5,30357.5,13408.0,34010,2.70,5,84.5,10,3705,0.150,1085,52,11,0,0.693,862
141,29260.9,12850.0,11837.6,28842.5,20152.0,39630,3.30,5,104.5,8,4269,0.181,1570,56,14,0,0.685,867
142,35392.5,13125.0,12614.3,34912.5,20698.0,43020,3.50,5,120.4,7,5132,0.154,1631,59,19,0,0.658,872
143,29755.3,12566.1,11621.9,29392.5,11469.0,33120,2.60,4,89.6,10,3130,0.159,1022,38,6,0,0.730,876
144,33732.4,12747.3,11917.0,33282.5,23283.0,53640,3.70,5,122.5,8,4424,0.195,1794,59,17,0,0.720,881
145,32504.1,12337.9,11587.1,32047.5,15011.0,42500,3.40,5,110.2,9,3290,0.178,1281,70,11,0,0.766,886
146,25140.2,12137.8,11706.9,24730.0,27006.0,106710,3.50,7,106.6,8,4084,0.193,1881,138,24,0,0.675,891
147,36766.7,12562.6,11721.3,36372.5,41543.0,81560,4.60,7,136.5,7,4740,0.227,2814,100,37,0,0.709,897
148,30657.6,13244.1,12323.1,30262.5,26970.0,142010,3.40,8,94.2,8,4195,0.181,1761,155,24,0,0.640,904
149,28994.2,13003.3,12026.6,28532.5,16844.0,44490,2.90,5,94.4,10,3047,0.205,1294,59,12,0,0.741,909
150,37196.1,13106.8,12617.0,36755.0,31882.0,68700,4.00,6,121.3,8,4700,0.213,2215,110,24,0,0.662,915
151,33672.5,13174.8,12191.9,33192.5,15065.0,33430,3.00,5,93.5,10,3024,0.195,1221,39,8,0,0.741,920
152,32922.2,12385.1,11852.0,32530.0,16834.0,40080,3.00,5,95.5,10,2857,0.221,1321,53,12,0,0.744,924
153,26695.3,12262.4,11421.7,26297.5,24438.0,69640,3.30,6,105.2,8,2942,0.252,1678,98,21,0,0.780,929
154,32267.5,13007.0,11947.6,31787.5,11545.0,24040,2.60,4,76.8,9,2681,0.170,965,45,6,0,0.731,933
155,28726.6,13454.4,12982.3,28320.0,12495.0,36980,2.70,5,84.2,9,3408,0.158,1061,44,7,0,0.686,938
156,27904.4,12536.0,12297.7,27462.5,18260.0,43960,3.20,5,108.5,7,3187,0.197,1505,57,13,0,0.752,954
157,27523.3,12246.3,11557.0,27062.5,13150.0,30110,3.00,5,98.3,8,3074,0.187,1194,45,9,0,0.744,959
158,31330.2,12542.5,11247.7,30872.5,32637.0,71500,4.10,6,129.1,7,5213,0.190,2223,84,27,0,0.679,964
159,29702.3,12431.2,11353.0,29232.5,32637.0,71500,4.10,6,129.1,7,5213,0.190,2223,84,27,0,0.679,969
160,24541.7,12375.8,12095.7,24165.0,5552.0,15140,1.70,3,52.2,10,2277,0.128,550,27,1,0,0.712,974
161,31494.5,13905.7,13167.5,31105.0,22031.0,71470,3.40,6,102.2,10,3798,0.199,1599,139,13,0,0.729,979
162,34625.9,13814.7,12628.8,34170.0,22031.0,71470,3.40,6,102.2,10,3798,0.199,1599,139,13,0,0.729,983
163,28542.8,12863.1,12363.9,28147.5,15181.0,52600,2.80,5,85.6,9,3281,0.172,1227,54,10,0,0.711,988
164,31826.9,13689.2,13561.7,31500.0,14351.0,23450,2.90,4,83.7,10,3058,0.195,1143,73,6,0,0.737,992
165,35390.0,13258.2,12489.4,34910.0,35820.0,78720,4.30,6,151.5,5,7821,0.140,2524,109,32,0,0.571,997
166,30272.5,14036.0,13230.8,29792.5,31176.0,55120,4.30,6,139.3,7,4959,0.206,2289,69,24,0,0.711,1002
167,33994.9,14296.1,13157.0,33555.0,18856.0,41960,3.40,5,97.3,10,3368,0.211,1459,56,15,0,0.734,1007
168,37953.5,14940.2,13908.3,37520.0,16538.0,66220,2.80,6,81.0,9,2697,0.215,1218,85,12,0,0.747,1012
169,42251.4,13480.1,12801.9,41847.5,28638.0,79820,3.80,6,107.2,8,4063,0.217,1953,101,23,0,0.713,1018
170,37935.3,14602.6,13908.6,37522.5,14919.0,44900,3.10,5,108.4,10,3978,0.153,1280,41,11,0,0.707,1023
171,28840.0,14303.7,13487.8,28360.0,12439.0,19040,3.00,4,86.8,10,3581,0.164,1139,35,8,0,0.651,1028
172,39077.2,13984.4,12970.1,38620.0,23333.0,111820,3.10,7,98.3,9,4243,0.173,1621,91,18,0,0.669,1034
173,24608.8,13155.9,12369.3,24160.0,19932.0,50440,3.40,5,119.1,6,4329,0.185,1628,58,18,0,0.699,1039
174,29244.8,13625.5,13147.4,28880.0,22052.0,58460,3.30,6,100.8,9,3483,0.223,1602,81,13,0,0.732,1044
175,28864.0,12994.3,12484.6,28515.0,24533.0,74640,3.50,6,110.2,8,4971,0.156,1787,60,23,0,0.647,1049
176,33795.0,13433.1,12949.1,33315.0,22941.0,52100,3.30,5,99.2,8,2745,0.243,1676,120,17,0,0.758,1055
177,37250.1,13769.2,13628.0,36787.5,37940.0,78880,4.40,7,129.1,6,5403,0.199,2522,136,37,0,0.666,1066
178,34863.3,14240.9,13195.4,34390.0,23518.0,64160,3.30,6,98.4,8,3903,0.188,1609,145,19,0,0.684,1129
179,32947.0,14456.0,14199.8,32495.0,18143.0,75560,3.00,6,80.8,9,2848,0.220,1345,60,14,0,0.746,1135
180,26112.5,14135.3,14482.2,25632.5,36250.0,102420,4.60,7,142.9,8,6903,0.159,2465,94,33,0,0.617,1140
181,35471.8,13838.3,12335.0,34992.5,14276.0,32740,3.00,5,86.3,10,3776,0.157,1174,64,8,0,0.666,1146
182,26183.2,14009.7,13913.2,25752.5,14360.0,42460,2.70,5,87.6,10,3027,0.184,1163,55,12,0,0.733,1151
183,40515.0,14640.0,13720.0,40035.0,39349.0,115140,4.40,8,143.9,4,5443,0.200,2604,106,38,0,0.679,1157
184,31152.1,14109.9,13715.5,30687.5,27205.0,53190,4.10,6,118.2,9,4356,0.187,2058,73,25,0,0.714,1163
185,36746.5,13981.1,13287.5,36300.0,27205.0,53190,4.10,6,118.2,9,4356,0.187,2058,73,25,0,0.714,1168
186,33693.3,14929.3,14533.7,33225.0,38273.0,84620,4.70,7,134.1,7,5111,0.220,2618,132,33,0,0.705,1173
187,30502.5,14091.8,13418.8,30022.5,15149.0,40680,3.00,5,86.1,10,3269,0.185,1261,59,9,0,0.722,1178
188,31454.6,14675.0,14227.3,31030.0,20186.0,74030,2.90,6,91.2,9,3266,0.198,1448,107,16,0,0.728,1184
189,36152.5,15040.8,14277.5,35672.5,30253.0,83840,3.90,6,113.6,8,4386,0.223,2138,107,26,0,0.690,1190
190,31603.3,15528.2,15624.7,31135.0,24927.0,73610,3.50,7,99.0,7,4061,0.191,1743,70,22,0,0.696,1195
191,42590.0,15954.0,14730.5,42110.0,28080.0,46190,4.00,5,128.3,8,5106,0.189,2038,53,24,0,0.702,1200
192,28987.5,15502.9,14997.1,28507.5,30615.0,80430,3.90,7,115.1,8,3575,0.226,2045,103,26,0,0.748,1205
193,30644.6,15962.2,15080.0,30172.5,22017.0,40120,3.70,5,115.5,10,4303,0.191,1720,63,19,0,0.739,1210
194,29867.5,15357.9,15365.6,29440.0,35084.0,71640,4.30,6,139.3,6,3932,0.264,2403,101,30,0,0.772,1215
195,40112.1,16219.1,15123.7,39702.5,42424.0,87280,4.60,7,137.0,5,5518,0.212,2749,97,39,0,0.704,1221
196,31670.1,15098.2,14734.5,31282.5,33394.0,141880,3.50,8,90.2,9,3622,0.213,2067,126,31,0,0.699,1254
197,30750.0,15163.9,14617.7,30270.0,18287.0,35000,3.60,5,120.5,8,4973,0.147,1538,49,13,0,0.656,1267
198,33370.1,15507.4,14825.0,32972.5,20633.0,45740,3.70,5,115.4,9,4760,0.174,1671,64,12,0,0.679,1275
199,38757.5,15029.5,14232.4,38277.5,18929.0,60930,3.20,6,94.9,10,4015,0.173,1387,50,15,0,0.682,1284
200,30138.2,14351.3,13646.4,29737.5,21701.0,59210,3.50,6,106.3,9,4512,0.178,1594,113,13,0,0.679,1301
201,31166.9,14399.4,13207.5,30722.5,13693.0,27150,2.80,4,87.8,10,3463,0.154,1107,38,7,0,0.713,1308
202,34660.0,15174.9,14380.0,34220.0,38055.0,132410,4.30,8,128.0,8,5464,0.204,2503,188,32,0,0.662,1325
203,34370.7,14514.8,13556.8,33905.0,43250.0,94220,4.60,7,122.1,8,5278,0.208,2737,112,37,0,0.668,1332
204,38707.9,15674.5,14933.6,38300.0,17811.0,45690,3.00,5,81.8,10,3319,0.193,1305,66,14,0,0.705,1365
205,39043.5,16221.3,15037.5,38635.0,31327.0,75010,4.20,7,114.9,8,4792,0.190,2220,97,26,0,0.690,1372
206,37928.1,16405.0,15552.5,37480.0,27701.0,49810,4.10,5,151.4,5,4763,0.217,2162,76,25,0,0.747,1379
207,41434.7,16579.9,15980.3,40962.5,43901.0,114620,4.70,7,140.0,8,5382,0.207,2766,257,40,0,0.693,1395
208,33765.0,15678.4,14698.8,33285.0,29079.0,63720,3.90,6,123.9,7,5176,0.182,2057,104,24,0,0.673,1403
209,35231.2,16763.2,15736.9,34757.5,16151.0,64740,3.10,6,93.8,10,4205,0.153,1348,93,12,0,0.657,2318
210,35788.7,16051.1,14825.9,35325.0,19829.0,79650,3.20,7,81.1,10,3435,0.173,1427,71,12,0,0.694,2575
211,32708.7,15877.0,15617.5,32252.5,24497.0,85410,3.50,7,103.7,10,4705,0.158,1761,94,21,0,0.666,2661
212,33465.0,15695.1,15359.2,32985.0,26141.0,58070,3.80,6,125.3,8,4813,0.180,1965,64,25,0,0.690,2689
